#############################;x
##### Political Reforms #####;x {
#############################;x
REFORM_MOVEMENT_DESC;Movement calling for the enactment of §Y$REFORM$§!;x
NATIONALIST_UNION_MOVEMENT_DESC;Movement calling for the forming of §Y$COUNTRY$§!;x
NATIONALIST_LIBERATION_MOVEMENT_DESC;Movement calling for the liberation of §Y$COUNTRY$§!;x
political_reforms;Political Reforms;x
POLITICS_NOBILITY_PRIVILEGE;Nobility Privilege;x
border_policy;Borders;x
closed_borders;Closed Borders;x
closed_borders_l;Closed Borders;x
closed_borders_desc;No external migration occurs.;x
movement_closed_borders;Movement to close the borders;x
alignment_borders;Alignment Borders;x
alignment_borders_l;Alignment Borders;x
alignment_borders_desc;Allows migration between realms that don't have opposing alignments;x
movement_alignment_borders;Movement to allow those of a similar alignment into our realm;x
race_borders;Race Borders;x
race_borders_l;Race Borders;x
race_borders_desc;External migration only occurs when a pop moves to a realm of their race.;x
movement_race_borders;Movement to allow only our race into our realm;x
open_borders;Open Borders;x
open_borders_l;Open Borders;x
open_borders_desc;There are no restrictions on external migration.;x
movement_open_borders;Movement to open the borders;x
nobility_autonomy;Autonomy;x
large_noble_autonomy;High Autonomy;x
large_noble_autonomy_l;High Autonomy;x
large_noble_autonomy_desc;The realm's nobles have high autonomy. They can make almost all decisions without the consent of the central authority.;x
movement_large_noble_autonomy;Movement to increase noble autonomy;x
medium_noble_autonomy;Average Autonomy;x
medium_noble_autonomy_l;Average Autonomy;x
medium_noble_autonomy_desc;The realm's nobles have average autonomy. They can make many decisions without the consent of the central authority.;x
movement_medium_noble_autunomy;Movement to restrict noble autonomy;x
small_noble_autonomy;Low Autonomy;x
small_noble_autonomy_l;Low Autonomy;x
small_noble_autonomy_desc;The realm's nobles have little autonomy. Any decisions outside the day-to-day running of their fiefs needs to be run through the central authority.;x
movement_small_noble_autonomy;Movement to restrict noble autonomy;x
noble_levy_contribution;Levy Contribution;x
large_levy_contribution;Large Noble Levies;x
large_levy_contribution_l;Large Noble Levies;x
large_levy_contribution_desc;Almost all armed forces are raised by the nobles. There is no to little of a standing army beyond the household guards and personal retinue of the ruler and his court.;x
movement_large_levy_contribution;Movement to increase noble levy contribution;x
medium_levy_contribution;Average Noble Levies;x
medium_levy_contribution_l;Average Noble Levies;x
medium_levy_contribution_desc;Some of the armed forces are raised by the nobles. There is a central standing army which can be supplemented by levies raised by the nobility;x
movement_medium_levy_contribution;Movement to decrease noble levy contribution;x
small_levy_contribution;Small Noble Levies;x
small_levy_contribution_l;Small Noble Levies;x
small_levy_contribution_desc;Few of the armed forces are raised by the nobles. The central standing army is large enough that levies are not needed for army supplement.;x
movement_small_levy_contribution;Movement to decrease noble levy contribution;x
noble_tax_contribution;Tax Contribution;x
small_tax_contribution;No Taxes;x
small_tax_contribution_l;No Taxes;x
small_tax_contribution_desc;The nobility, in return for their loyalty, are completely excempt from taxes.;x
movement_small_tax_contribution;Movement to decrease noble tax contribution;x
medium_tax_contribution;Reduced Taxes;x
medium_tax_contribution_l;Reducted Taxes;x
medium_tax_contribution_desc;The nobility pay a tax, but it is a portion of what the rest of the population pays.;x
movement_medium_tax_contribution;Movement to increase noble tax contribution;x
large_tax_contribution;Normal Taxes;x
large_tax_contribution_l;Normal Taxes;x
large_tax_contribution_desc;There is no special tax reduction for the nobility. They pay the same taxes as the rest of the population.;x
movement_large_tax_contribution;Movement to increase noble tax contribution;x
knighting_rights;Knighting Rights;x
allowed_knighting_rights;Knighting Allowed;x
allowed_knighting_rights_l;Knighting Allowed;x
allowed_knighting_rights_desc;The nobility is allowed to knight anyone they please for any reason. There are no restictions whatsoever.;x
movement_allowed_knighting_rights;Movement to increase nobility knighting rights;x
restricted_knighting_rights;Restricted Knighting;x
restricted_knighting_rights_l;Restricted Knighting;x
restricted_knighting_rights_desc;The nobility is allowed to knight people under specific conditions for a small number of tasks. All other knightings must be given out by the central authority.;x
movement_restricted_knighting_rights;Movement to restrict nobility knighting rights;x
royal_knighting_rights;Royal Knighting;x
royal_knighting_rights_l;Royal Knighting;x
royal_knighting_rights_desc;The nobility is not allowed to knight people. All knightings must go through the central authority.;x
movement_royal_knighting_rights;Movement to restrict nobility knighting rights;x
POLITICS_LAND_EDICTS;Land Edicts;x
crown_land_ownership;Land Ownership;x
five_land_ownership;5%;x
five_land_ownership_l;5%;x
five_land_ownership_desc;About 5% of all land in the realm is controlled by the central authority instead of the nobles.;x
movement_five_land_ownership;Movement to decrease realm land control;x
ten_land_ownership;10%;x
ten_land_ownership_l;10%;x
ten_land_ownership_desc;About 10% of all land in the realm is controlled by the central authority instead of the nobles.;x
movement_ten_land_ownership;Movement to increase realm land control;x
thirty_land_ownership;30%;x
thirty_land_ownership_l;30%;x
thirty_land_ownership_desc;About 30% of all land in the realm is controlled by the central authority instead of the nobles.;x
movement_thirty_land_ownership;Movement to increase realm land control;x
half_land_ownership;50%;x
half_land_ownership_l;50%;x
half_land_ownership_desc;About 50% of all land in the realm is controlled by the central authority instead of the nobles.;x
movement_half_land_ownership;Movement to increase realm land control;x
seventy_land_ownership;70%;x
seventy_land_ownership_l;70%;x
seventy_land_ownership_desc;About 70% of all land in the realm is controlled by the central authority instead of the nobles.;x
movement_seventy_land_ownership;Movement to increase realm land control;x
all_land_ownership;About 95%;x
all_land_ownership_l;About 95%;x
all_land_ownership_desc;Nearly all of the land in the realm is controlled by the central authority.;x
movement_all_land_ownership;Movement to increase realm land control;x
serfdom;Serfdom;
enforced_serfdom;Enforced Serfdom;
enforced_serfdom_l;Enforced Serfdom;x
enforced_serfdom_desc;Serfdom is enforced. Serfs are bound to the land they work unless they are specifically granted leave or property by their master.\nPoor Pop Promotion Rate: §R1.0%§!;x
movement_enforced_serfdom;Movement to enforce serfdom;x
discouraged_serfdom;Discouraged Serfdom;
discouraged_serfdom_l;Discouraged Serfdom;x
discouraged_serfdom_desc;Serfdom is legal but discouraged. The rulers want to bring the realm on the way towards abolishing serfdom, be it because of the aspirations of their own or because of practical reasons. Serfdom appears to be a unliked institution that will mostly be replaced by a system of indentured servitude or through ownership of land by freeholding peasants.\nPoor Pop Promotion Rate: §R0.5%§!;x
movement_discouraged_serfdom;Movement to restrict serfdom;x
banned_serfdom;Serfdom Banned;
banned_serfdom_l;Serfdom Banned;x
banned_serfdom_desc;Serfdom is illegal. Those who practice it are punished. Every serf in the realm has been liberated and made a free person, who is not restricted by location and can move elsewhere to improve their chances. How it applies in practice is another matter.;x
movement_banned_serfdom;Movement to abolish serfdom;x
slavery;Slavery;x
yes_slavery;Allowed;x
yes_slavery_l;Slavery Allowed;x
yes_slavery_desc;Slavery is allowed. Slaves are used from manual labor to various other tasks as well as grand infrastructure projects.;x
movement_yes_slavery;Movement to expand slavery;x
non_accepted_slavery;Non-Accepted Slavery;x
non_accepted_slavery_l;Non-Accepted Slavery;x
non_accepted_slavery_desc;Only pops that are not primary or accepted cultures are slaves.;x
movement_non_accepted_slavery;Movement to free cultural brethrin from slavery;x
no_slavery;Outlawed;x
no_slavery_l;Outlaw Slavery;x
no_slavery_desc;Slavery is forbidden and punished by law.;x
movement_no_slavery;Movement to abolish slavery;x
POLITICS_VOTING_REFORM;Voting Reform;x
vote_franschise;Vote Franchise;x
none_voting;No Voting;x
none_voting_l;No Voting;x
none_voting_desc;No one is allowed to vote.;x
movement_none_voting;Movement to abolish voting;x
landed_voting;Only Landed;x
landed_voting_l;Landed Voting;x
landed_voting_desc;Only Nobles and Guild Masters may vote.\nNew Government Form: §YMerchant Republic§!;x
movement_landed_voting;Movement to expand voting franschise;x
wealth_weighted_voting;Weighted Wealth;x
wealth_weighted_voting_l;Wealth Weighted Voting;x
wealth_weighted_voting_desc;Only well-off people may vote, but the rich men's votes are worth twice as much as middle-class votes.;x
movement_weighted_voting;Movement to expand voting franschise;x
wealth_voting;Wealth;x
wealth_voting_l;Wealth Voting;x
wealth_voting_desc;Only the middle and upper classes may vote.;x
movement_wealth_voting;Movement to expand voting franschise;x
universal_weighted_voting;Weighted Universal;x
universal_weighted_voting_l;Universal Weighted Voting;x
universal_weighted_voting_desc;Everyone is allowed to vote, but the rich men's votes are worth more.\nNew Government Form: §YRepublic§!;x
movement_universal_weighted_voting;Movement to expand voting franschise;x
universal_voting;Universal;x
universal_voting_l;Universal Voting;x
universal_voting_desc;Everyone is allowed to vote.;x
movement_universal_voting;Movement to expand voting franschise;x
cultural_rights;Cultural Rights;x
primary_voting;Primary Culture Voting;x
primary_voting_l;Primary Culture Voting;x
primary_voting_desc;Only those of the primary culture can vote.;x
movement_primary_voting;Movement to restrict voting rights;x
accepted_voting;Accepted Culture Voting;x
accepted_voting_l;Accepted Culture Voting;x
accepted_voting_desc;All primary and accepted cultures can vote.;x
mvoement_accepted_voting;Movement to increase voting rights;x
all_vote;All Voting;x
all_vote_l;All Voting;x
all_vote_desc;All people can vote regardless of their culture.;x
movement_all_vote;Movement to increase voting rights;x
voting_system;Voting System;x
first_past_the_post;First Past the Post;x
first_past_the_post_l;First Past the Post;x
first_past_the_post_desc;The candidate with the most votes wins.;x
movement_first_past_the_post;Movement to change the voting system;x
jefferson_method;Jefferson Method;x
jefferson_method_l;Jefferson Method;x
jefferson_method_desc;The Jefferson Method is a highest averages method for allocating seats.;x
movement_jefferson_method;Movement to change the voting system;x
proportional_representation;Proportional Representation;x
proportional_representation_l;Proportional Representation;x
proportional_representation_desc;The percentage of votes that groups of candidates obtain in elections equals the percentage of seats they receive;x
movement_proportional_representation;Movement to change the voting system;x
POLITICS_OTHER_POLITICAL_REFORMS;Other Political Reforms;x
government_type;Government Type;x
dictatorship;Dictatorship;x
dictatorship_l;Dictatorship Government Type;x
dictatorship_desc;Only members of the ruler's interest group can be appointed to the ruler's advisors.;x
movement_dictatorship;Movement to change Council of the Realm composition;x
monarchist;Monarchist;x
monarchist_l;Monarchist Government Type;x
monarchist_desc;Aristocrats or guild masters have been assigned advising positions by the leader of the realm.;x
movement_monarchist;Movement to change Council of the Realm composition;x
republican;Republican;x
republican_l;Republican Government Type;x
republican_desc;Council of the Realm is determined by the collected interest groups of the population.;x
movement_republican;Movement to change Council of the Realm composition;x
penal_reform;Punishments;x
capital_punishment;Capital Punishment;x
capital_punishment_l;Capital Punishment;x
capital_punishment_desc;Petty criminals are hanged for their crimes and major offendors are decapitated.;x
movement_capital_punishment;Movement to change punishment laws;x
hard_labor;Hard Labor;x
hard_labor_l;Hard Labor;x
hard_labor_desc;The punishment system is expanded. For serious crimes that do not warrant death, criminals are sentenced to hard labor.;x
movement_hard_labor;Movement for hard labor punishment;x
incarceration;Incarceration;x
incarceration_l;Incarceration;x
incarceration_desc;The punishment system is expanded farther. For crimes that are not serious enough to warrant hard labor, criminals are sentenced to prisons for a specific amount of time related to their crime.;x
movement_incarceration;Movement to create prisons;x
public_meetings;Public Meetings;x
yes_meeting;Meetings allowed;x
yes_meeting_l;Allow Public Meetings;x
yes_meeting_desc;Public meetings and rallies are allowed.;x
movement_yes_meeting;Movement to allow public meetings;x
meeting_curfew;Curfews;x
meeting_curfew_l;Curfews;x
meeting_curfew_desc;Public meetings are allowed during the day. At sundown, they are to disband or have its members arrested.;x
movement_meeting_curfew;Movement to allow meetings in the day;x
no_meeting;Meetings not allowed;x
no_meeting_l;Outlaw Public Meetings;x
no_meeting_desc;Public meetings are prohibited.;x
movement_no_meetings;Movement to abolish public meetings;x
###########################;x }
##### Burgher Reforms #####;x {
###########################;x
POLITICS_BURGHER_RIGHTS;Burgher Rights;x
exclusive_trading_rights;Exclusive Trade;x
granted_exclusive_tr;Granted;x
granted_exclusive_tr_l;Granted Exclusive Trading Rights;x
granted_exclusive_tr_desc;Trading rights for specific goods are for specific people only. Usually, these people are the nobles or powerful guilds.;x
movement_granted_explusive_tr;Movement to expand exclusive trading rights;x
limited_exclusive_tr;Limited;x
limited_exclusive_tr_l;Limited Exclusive Trading Rights;x
limited_exclusive_tr_desc;Trading rights for specific goods are for specific people only. This only affects a couple goods rather than most.;x
movement_limited_exlucisve_tr;Movement to restrict exclusive trading rights;x
abolished_exclusive_tr;Abolished;x
abolished_exclusive_tr_l;Abolished Exclusive Trading Rights;x
abolished_exclusive_tr_desc;No exclusive trading rights are granted. There are no restrictions on who can trade what.;x
movement_abolished_exclusive_tr;Movement to abolish exclusive trading rights;x
apprenticeship;Apprenticeship;x
hereditary;Hereditary;x
hereditary_l;Hereditary Apprenticeship;x
hereditary_desc;Apprentices are determined by a person's bloodline. A son will be his father's apprentice, and the grandson will be the father's.;x
movement_hereditary;Movement to make apprenticeships based upon family;x
appointment;Appointment;x
appointment_l;Appointed Apprenticeship;x
appointment_desc;Apprentices can either be hereditary or appointed.\nPop Promotion Rate: §G0.2%§!;x
movement_appointment;Movement to allow apprentices to be appointed;x
guild_school;Guild School;x
guild_school_l;Guild School;x
guild_school_desc;Existing guilds have schools in which students can learn their trade. From here, these students can get apprenticeships with guild members.\nPop Promotion Rate: §G0.4%§!;x
movement_guild_school;Movement to create guild schools;x
state_supplies_monopoly;State Supplies;x
privileged_state_supplies;Privileged;x
privileged_state_supplies_l;Privileged State Supplies;x
privileged_state_supplies_desc;The monopoly on the sale of state supplies, ranging from military goods to the everyday food the court consumes, is held by the cities and the burghers alone with others being at a severe disadvantage when dealing with it. Thus the burghers and various guilds are able to leverage exorbitant prices for their products.;x
movement_privileged_state_supplies;Movement to increase state supply privileges;x
restricted_state_supplies;Restricted;x
restricted_state_supplies_l;Restricted State Supplies;x
restricted_state_supplies_desc;There are no restrictions on the sale of goods to the state and it is determined only by the demand of such and nothing else. The state employs their own suppliers to guarantee the independence from private enterprises. The monopoly on the sale however is partially transferred to the state as it tries to maintain self-sufficiency.;x
movement_restricted_state_supplies;Movement to decrease state supply privileges;x
allowed_state_supplies;Allowed;x
allowed_state_supplies_l;Allowed State Supplies;x
allowed_state_supplies_desc;Most of the supplies are still bought from the burghers and the guilds, however it is possible for other sources to sell their products to the state and hindrances to it have been partially removed.;x
movement_allowed_state_supplies;Movement to decrease state supply privileges;x
pensions;Alms;x
no_pensions;No Alms;x
no_pensions_l;No Alms;x
no_pensions_desc;No state alms.;x
movement_no_pensions;Movement to remove alms;x
trinket_pensions;Trinket Alms;x
trinket_pensions_l;Trinket Alms;x
trinket_pensions_desc;Very low state alms.;x
movement_trinket_pensions;Movement to increase alms;x
low_pensions;Low Alms;x
low_pensions_l;Low Alms;x
low_pensions_desc;Low state alms.;x
movement_low_pensions;Movement to increase_alms;x
acceptable_pensions;Acceptable Alms;x
acceptable_pensions_l;Acceptable Alms;x
acceptable_pensions_desc;Acceptable state alms.;x
movement_acceptable_pensions;Movement to increase_alms;x
good_pensions;Good Alms;x
good_pensions_l;Good Alms;x
good_pensions_desc;High state alms.;x
movement_good_pensions;Movement to increase_alms;x
city_jurisdiction;City Jurisdiction;x
independent_cities;Independent;x
independent_cities_l;Independent Cities;x
independent_cities_desc;Cities are completely independent of the central authority.;x
movement_independent_cities;Movement to increase city independence;x
chartered_cities;Chartered;x
chartered_cities_l;Chartered Cities;x
chartered_cities_desc;Recognized cities are given a charter from the authority.;x
movement_chartered_cities;Movement to decrease city independence;x
territorial_cities;Territorial;x
territorial_cities_l;Territorial Cities;x
territorial_cities_desc;Cities are incorporated into different territorial regions.;x
movement_territorial_cities;Movement to decrease city independence;x
royal_cities;Royal;x
royal_cities_l;Royal Cities;x
royal_cities_desc;Cities are owned directly by the central authority.;x
movement_royal_cities;Movement to decrease city independence;x
############################;x }
##### Military Reforms #####;x {
############################;x
POLITICS_MILITARY_REFORMS;Military Reforms;x
military_constructions;Military Constructions;x
old_constructions;Old Constructions;x
old_constructions_desc;Our town's defenses are nothing more than palisades.;x
new_constructions;New Constructions;x
new_constructions_desc;Many of our larger towns now tend to have castles nearby for protection.;x
old_training;Old Training;x
old_training_desc;Little training occurs. That which does occurs near the home town of recruits.;x
new_training;New Training;x
new_training_desc;Centralized training occurs in larger settlements.;x
tactics;Tactics;x
old_tactics;Old Tactics;x
old_tactics_desc;We use the same tactics over and over again. If it worked once it will work again!;x
new_tactics;New Tactics;x
new_tactics_desc;We come up with new tactics as needed.;x
ports;Ports;x
old_ports;Old Ports;x
old_ports_desc;Our ports are small and unorganized.;x
new_ports;New Ports;x
new_ports_desc;Our ports are larger and well organized;x
ships;Ships;x
old_ships;Old Ships;x
old_ships_desc;Our ships are of older designs;x
new_ships;New Ships;x
new_ships_desc;Our ships are of newer designs;x
old_naval_theory;Old Naval Theory;x
old_naval_theory_desc;We use the same tactics over and over again. If it worked once it will wor again!;x
new_naval_theory;New Naval Theory;x
new_naval_theory_desc;We come up with new tactics as needed.;x
############################;x }
##### Economic Reforms #####;x {
############################;x
POLITICS_ECONOMIC_REFORMS;Economic Reforms;x
old_expansion;Old Expansion;x
old_expansion_desc;Our goals are small and focus on ourselves.;x
new_expansion;New Expansion;x
new_expansion_desc;Our goals are large and focus on our neighbors.;x
old_education;Old Education;x
old_education_desc;Teaching occurs in large settlements for the rich.;x
new_education;New Education;x
new_education_desc;Teaching occurs in every settlement.;x
old_taxes;Old Taxes;x
old_taxes_desc;Our tax collectors are rather corrupt.;x
new_taxes;New Taxes;x
new_taxes_desc;Our tax collectors are less corrupt.;x
infrastructure_reform;Infrastructure;x
old_infrastructure;Old Infrastructure;x
old_infrastructure_desc;Our roads are old and overgrown.;x
new_infrastructure;New Infrastructure;x
new_infrastructure_desc;Our roads are new and less overgrown.;x
land;Land;x
old_land;Old Land;x
old_land_desc;Our land and rgos follow time honored traditions.;x
new_land;New Land;x
new_land_desc;Our land and rgos use new ideas to increase productivity.;x
old_guilds;Old Guilds;x
old_guilds_desc;Guilds are not welcome.;x
new_guilds;New Guilds;x
new_guilds_desc;Guilds are starting to gain traction among the upper class.;x
#################################;x }
##### INTEREST GROUP ISSUES #####;x {
#################################;x
party_issues;Interest Group Issues;x
trade_policy;Trade Policy;x
vassal_protectionism;Protectionism;x
vassal_protectionism_desc;Trade between realms is restricted.;x
vassal_protectionism_l;Protectionism;x
protectionism;Protectionism;x
protectionism_desc;Trade between realms is restricted.;x
protectionism_l;Protectionism;x
free_trade;Free Trade;x
free_trade_desc;Traders are able to act and transact without interference from the realm.;x
free_trade_l;Free Trade;x
tax_policy;Tax Policy;x
laissez_faire;Laissez Faire;x
laissez_faire_desc;The realm reduces taxes as much as possible, even incurring debt if it serves the best interests of the people.;x
laissez_faire_l;Laissez Faire;x
vassal_interventionism;Interventionism;x
vassal_interventionism_desc;The realm reduces taxes as much as possible, but will not go into debt unless at the utmost need.;x
vassal_interventionism_l;Interventionism;x
interventionism;Interventionism;x
interventionism_desc;The realm reduces taxes as much as possible, but will not go into debt unless at the utmost need.;x
interventionism_l;Interventionism;x
state_capitalism;State Capitalism;x
state_capitalism_desc;The realm reduces taxes when possible, but places the economic health of the realm over that of its people.;x
state_capitalism_l;State Capitalism;x
planned_economy;Planned Economy;x
planned_economy_desc;The realm spares no pity for its people - they are but another resource.;x
planned_economy_l;Planned Economy;x
language_policy;Language Policy;x
official_only;Official Only;x
official_only_desc;Only the official language of the realm is allowed in public settings.;x
official_only_l;Official Only;x
minority_toleration;Minority Toleration;x
minority_toleration_desc;Minority languages are allowed in public as long as it does not involve matters of realm.;x
minority_toleration_l;Minority Toleration;x
vassal_regional_autonomy;Regional Autonomy;x
vassal_regional_autonomy_desc;All languages are allowed in every setting.;x
vassal_regional_autonomy_l;Regional Autonomy;x
regional_autonomy;Regional Autonomy;x
regional_autonomy_desc;All languages are allowed in every setting.;x
regional_autonomy_l;Regional Autonomy;x
diplomatic_policy;Diplomatic Policy;x
isolationist;Isolationist;x
isolationist_desc;Who cares what happens in the outside world? Our realm is great!;x
isolationist_l;Isolationist;x
vassal_reactive;Reactive;x
vassal_reactive_desc;The ruler reacts to things that happens outside the realm after news of it arrives. No proactive actions occur.;x
vassal_reactive_l;Reactive;x
reactive;Reactive;x
reactive_desc;The ruler reacts to things that happens outside the realm after news of it arrives. No proactive actions occur.;x
reactive_l;Reactive;x
proactive;Proactive;x
proactive_desc;The ruler reacts to intelligence occurring outside the realm, making predictions to the future and acting accordingly.;x
proactive_l;Proactive;x
interactive;Interactive;x
interactive_desc;The ruler will interact with any realm that wishes to interact with it.;x
interactive_l;Interactive;x
war_policy;War Policy;x
jingoism;Jingoism;x
jingoism_desc;The military is the centrepiece of the state and military spending is prioritised.;x
jingoism_l;Jingoism;x
vassal_pro_military;Pro Military;x
vassal_pro_military_desc;The government is a strong supporter of the armed services.;x
vassal_pro_military_l;Pro Military;x
pro_military;Pro Military;x
pro_military_desc;The government is a strong supporter of the armed services.;x
pro_military_l;Pro Military;x
anti_military;Anti Military;x
anti_military_desc;The armed forces are a drain on the state coffers and the government feels money is better spent elsewhere.;x
anti_military_l;Anti Military;x
pacifism;Pacifism;x
pacifism_desc;The government is actively hostile to the interests of the military, feeling they are opposed to the government policies.;x
pacifism_l;Pacifism;x
good_evil_alignment;Alignment;x
good_alignment;Anti-Sauron;x
good_alignment_l;Anti-Sauron;x
good_alignment_desc;We are aligned against Sauron;x
movement_good_alignment;Movement to become a realm aligned against Sauron;x
neutral_alignment;Opportunistic;x
neutral_alignment_l;Opportunistic;x
neutral_alignment_desc;We are considered a realm indifferent to Sauron;x
movement_neutral_alignment;Movement to become a realm indifferent to Sauron;x
evil_alignment;Sauronite;x
evil_alignment_l;Sauronite;x
evil_alignment_desc;We are considered a realm aligned with Sauron;x
movement_evil_alignment;Movement to become a realm aligned with Sauron;x
vassal_alignment;Overlord;x
vassal_alignment_l;Overlord;x
vassal_alignment_desc;We are considered a realm aligned with our overlord;x
movement_vassal_alignment;Movement to become a realm aligned with our overlord;x
###############################;x }
##### INTEREST GROUP TEXT #####;x {
###############################;x
LEDGER_COUNTRY_RULINGPARTY;Ruler;x
LEDGER_COUNTRY_RULINGIDEOLOGY;Interest Group;x
BE_PARTY;Ruler:;x
POLITICS_VIEW_ALL_PARTIES_TOOLTIP;View all allowed rulers\n;x
POLITICS_CURRENT_RULING_PARTY_TOOLTIP;Current ruler: $PARTY$\n;x
POLITICS_VOTERS_CHART_TOOLTIP;$PERCENT$% of the voters are part of $IDEOLOGY$\n;x
POLITICS_PEOPLE_CHART_TOOLTIP;$PERCENT$% of our population are part of $IDEOLOGY$\n;x
POLITICS_SET_RULING_PARTY_TOOLTIP;Select $PARTY$ as our ruler\n;x
POLITICS_CANNOT_SET_RULING_PARTY_TOOLTIP;We cannot select $PARTY$ as our ruler because:\n;x
POLITICS_HOLD_ELECTION_TOOLTIP;Hold election to appoint a new ruler.\n;x
POLITICS_SELECT_NEW_RULER_PARTY;Select New Ruler;x
RIP_EFFECT;§Y$NAME$§! will become the new ruler.\n;x
MODIFIER_RULING_PARTY_SUPPORT;Ruler Support;x
CAN_APPOINT_RULING_PARTY;Can appoint ruler.;x
ELECTIONDONE_3;$WINNER$ is now the new ruler.;x
SETPARTY_SETUP;When changing leading interset group.;x
SETPARTY_1;New ruler in $COUNTRY$;x
SETPARTY_2;$MONARCHTITLE$, we have now changed ruler to;x
SETPARTY_4;They are a $IDEOLOGY$ interest group and have the following policies.;x
POP_MIL_RULING;Supports ruler;x
RULE_SAME_AS_RULING_PARTY;Same As ruler;x
IS_NOT_RULING_PARTY;is NOT the ruler.;x
IS_RULING_PARTY;is the ruler.;x
RUL_PARTY_IS_NOT;Current ruler is NOT;x
RUL_PARTY_IS;Current ruler is;x
AGREE_RP_TR;At least §Y$VAL$%§! is of the same interest group as the ruler.;x
NOT_AGREE_RP_TR;Less than §Y$VAL$%§! is of the same interest group as the ruler.;x
POLITICS_CANNOT_SET_RULING_PARTY_IN_ELECTION;It is not possible to switch rules in the middle of an election.;x
TOPBAR_RULING_PARTY;Our current ruler is $CURR$;x
COUNTRYALERT_IsInElection;There's currently an election being held in our country. By $DATE$, a new ruler will be elected.;x
POLITICS_ALREADY_RULING_PARTY;$PARTY$ is already the ruler.;x
POLITICS_CANNOT_SET_RULING_PARTY_RULE;Our government form does not allow us to appoint ruler;x
AI_LOVES_OTHER_DESC2_SHORT;Prosperity for the Future with our $TAG_0_1_ADJ$ brothers!' is $TAG_0_0_ADJ$ ruler's newest slogan. Many say this is an indication of a future military alliance.;x
PARTY_NEWS_TITLE_LARGE;NEW INTEREST GROUP IN $TAG_0_0_UPPER$;x
PARTY_NEWS_LARGE;A new $STRING_0_2$ interest group, the $STRING_0_0$, has been formed in $TAG_0_0$. 'We're currently in the process of recruiting new members and organizing the support structure every modern political unit requires', a party official commented. Uniting disgruntled activists and disillusioned members of other outfits, the new party announced to have scheduled a national convention, where they plan to elect their representatives and agree on the platform. They claim to remain optimistic about ever coming to power despite all odds.;x
PARTY_NEWS_TITLE_MEDIUM;NEW INTEREST GROUP IN $TAG_0_0_UPPER$;x
PARTY_NEWS_MEDIUM;A new $STRING_0_2$ interest group, the $STRING_0_0$, has been formed in $TAG_0_0$. Uniting disgruntled activists and disillusioned members of other outfits, the new party announced to have scheduled a national convention.;x
PARTY_NEWS_TITLE_SMALL;New Interest Group;x
PARTY_NEWS_SMALL;A new $STRING_0_2$ interest group, the $STRING_0_0$, has been formed in $TAG_0_0$. They claim to remain optimistic about ever coming to power despite all odds.;x
PARTY_WITH_IDEOLOGY_NOT_EXIST;There is no active interest group with §Y$IDEOLOGY$§! ideology.;x
PARTY_POPULARITY;Interest Group Popularity;x
PARTY_LOYALTY_DESC_HEADER;Interest Group loyalty in §Y$PROV$§!:;x
MAPMODE_16;Interest Group loyalty;x
PARTY_UNAVAIL_LOG;Interest group now unavailable;x
NEW_PARTY_AVAIL_LOG;New interest group;x
PARTY_UNAVAIL_SETUP;Interest group defunct;x
PARTY_UNAVAIL_HEADER;Interest group defunct;x
NEW_PARTY_AVAIL_SETUP;New interest group;x
NEW_PARTY_AVAIL_HEADER;New interest group formed;x
POLITICS_NOT_BEFORE;We can not change ruler again before §Y$DATE$§!.;x
POLITICS_NOT_ACCEPTED;Our form of government does not allow §Y$WHICH$§! rulers.;x
LEDGER_PROVINCE_IDEOLOGY;Interest Group;x
IDEOLOGY_LABEL;Interest Group;x
IDEOLOGY_DISTTITLE;Interest Group;x
Ideology;Interest Group;x
######################################;x }
##### National Value Descriptors #####;x {
######################################;x
NOT_HAS_NATIONAL_VALUE;Heirloom is NOT §Y$NATIONALVALUE$§!.;x
HAS_NATIONAL_VALUE;Heirloom is §Y$NATIONALVALUE$§!.;x
CHANGE_NATIONALVALUE;Heirloom changes to §Y$NATIONALVALUE$§!.\n;x
POLITICS_NATIONALVALUE_TOOLTIP;Our heirloom is §Y$NATIONALVALUE$§!.\n;x
LEDGER_COUNTRY_NATIONALVALUE;Heirloom;x
###########################;x }
##### National Values #####;x {
###########################;x
no_heirloom;No Heirloom;x
horn_of_gondor;§!the §YHorn of Gondor§!;x
horn_of_the_mark;§!the §YHorn of the Mark§!;x
red_book_of_the_westmarch;§!the §YRed Book of the Westmarch§!;x
black_arrow;§!the §YBlack Arrow§!;x
narya;Narya;x
nenya;Nenya;x
vilya;Vilya;x
one_ring_of_power;§!the §YOne Ring of Power§!;x
ring_of_barahir;§!the §YRing of Barahir§!;x
######################################;x }
##### Burgher Reform Descriptors #####;x {
######################################;x
HAVE_LESS_POPS_WANTING_SOCIAL_REFORM_THAN;Less than $VAL$ want burgher reform.;x
HAVE_MORE_POPS_WANTING_SOCIAL_REFORM_THAN;At least $VAL$ want burgher reform.;x
social_reforms;Burgher Reforms;x
MODIFIER_SOCIAL_REFORM_DESIRE;Burgher Reform Desire;x
SET_SOCIAL_REFORM_EFFECT;Burgher reform selected: §Y$NAME$§!.\n;x
POLITICS_SOCIAL_REFORMS;Burgher Reforms;x
POLITICS_CAN_NOT_DO_SOCIAL_REFROMS;Can't enact burgher reforms;x
POLITICS_CAN_REVOKE_SOCIAL_REFROMS;Can revoke burgher reforms;x
POLITICS_CAN_DO_SOCIAL_REFROMS;Can enact burgher reforms;x
######################;x }
##### Ideologies #####;x {
######################;x
disenfranchised_group;Disenfranchised;x
slave_ideology;Slaves;x
slave_ideology_uh;Slave ideology supporters will vote to follow whatever the realm wants.;x
tribal_ideology;Tribal;x
tribal_ideology_uh;Tribal ideology supporters will vote against progress in the realm and active look to reverse it.;x
vassal_group;Servants;x
servants;Servants;x
servants_uh;Servants supporters will never vote to reform the realm. They only serve our overlord.;x
dunedain_nobility;Dúnedain Nobility;x
line_of_isildur;Line of Isildur;x
line_of_isildur_uh;Line of Isildur supporters will vote for all reforms while in power.;x
dunedain_nobles;Dúnedain Nobles;x
dunedain_nobles_uh;Dúnedain Noble supporters will vote for all reforms while in power.;x
house_of_stewards;House of Stewards;x
house_of_stewards_uh;House of Stewards supporters will vote for all reforms while in power.;x
gondorian_nobles;Gondorian Nobles;x
gondorian_nobles_uh;Gondorian Noble supporters will vote for all reforms while in power.;x
house_of_dol_amroth;House of Dol Amroth;x
house_of_dol_amroth_uh;House of Dol Amroth supporters will vote for all reforms while in power.;x
amrothian_nobles;Amrothian Nobles;x
amrothian_nobles_uh;Amrothian Noble supporters will vote for all reforms while in power.;x
arthedani_nobles;Arthedani Nobles;x
arthedani_nobles_uh;Arthedani Noble supporters will vote for all reforms while in power.;x
cardolandrim_nobles;Cardolandrim N.;x
cardolandrim_nobles_uh;Cardolandrim Noble supporters will vote for all reforms while in power.;x
haeranedain_nobles;Haeranedain N.;x
haeranedain_nobles_uh;Haeranedain Noble supporters will vote for all reforms while in power.;x
noldor_nobility;Ñoldor Nobility;x
house_half_elven;House Half-Elven;x
house_half_elven_uh;House Half-Elven supporters will vote for all reforms while in power.;x
noldor_nobles;Ñoldor Nobles;x
noldor_nobles_uh;Ñoldor Noble supporters will vote for all reforms while in power.;x
teleri_nobility;Teleri Nobility;x
lords_of_mithlond;Lords of Mithlond;x
lords_of_mithlond_uh;Lords of Mithlond supporters will vote for all reforms while in power.;x
falathrim_nobles;Falathrim Nobles;x
falathrim_nobles_uh;Falathrim Noble supporters will vote for all reforms while in power.;x
house_of_oropher;House of Oropher;x
house_of_oropher_uh;House of Oropher supporters will vote for all reforms while in power.;x
silvan_nobles;Silvan Nobles;x
silvan_nobles_uh;Silvan Noble supporters will vote for all reforms while in power.;x
house_of_finarfin;House of Finarfin;x
house_of_finarfin_uh;House of Finarfin supporters will vote for all reforms while in power.;x
galadhrim_nobles;Galadhrim Nobles;x
galadhrim_nobles_uh;Galadhrim Noble supporters will vote for all reforms while in power.;x
avari_nobility;Avarim Nobility;x
avari_nobles;Avari Nobles;x
avari_nobles_uh;Avari Noble supporters will vote for all reforms while in power.;x
haradrim_nobility;Haradrim Nobility;x
umbarrim_nobles;Umbarrim Nobles;x
umbarrim_nobles_uh;Umbarrim Noble supporters will vote for all reforms while in power.;x
harnendan_nobles;Harnendan Nobles;x
harnendan_nobles_uh;Harnendan Noble supporters will vote for all reforms while in power.;x
haruzani_nobles;Haruzani Nobles;x
haruzani_nobles_uh;Haruzani Noble supporters will vote for all reforms while in power.;x
pezarsani_nobles;Pezarsani Nobles;x
pezarsani_nobles_uh;Pezarsani Noble supporters will vote for all reforms while in power.;x
lurmsakuni_nobles;Lurmsakuni N.;x
lurmsakuni_nobles_uh;Lurmsakuni Noble supporters will vote for all reforms while in power.;x
arysian_nobles;Arysian Nobles;x
arysian_nobles_uh;Arysian Noble supporters will vote for all reforms while in power.;x
kingsmen_nobility;Kingsmen Nobility;x
kingsmen_nobles;Kingsmen Nobles;x
kingsmen_nobles_uh;Kingsmen Noble supporters will vote for all reforms while in power.;x
black_numenorean_nobles;Black Númenórean N.;x
black_numenorean_nobles_uh;Black Númenórean Noble supporters will vote for all reforms while in power.;x
khandish_nobility;Khandish Nobility;x
variag_nobles;Variag Nobles;x
variag_nobles_uh;Variag Noble supporters will vote for all reforms while in power.;x
nurniag_nobles;Nurniag Nobles;x
nurniag_nobles_uh;Nurniag Noble supporters will vote for all reforms while in power.;x
chelkiag_nobles;Chelkiag Nobles;x
chelkiag_nobles_uh;Chelkiag Noble supporters will vote for all reforms while in power.;x
easterlings_nobility;Easterling Nobility;x
sagath_nobles;Sagath Nobles;x
sagath_nobles_uh;Sagath Noble supporters will vote for all reforms while in power.;x
sekel_nobles;Sekel Nobles;x
sekel_nobles_uh;Sekel Noble supporters will vote for all reforms while in power.;x
urgath_nobles;Urgath Nobles;x
urgath_nobles_uh;Urgath Noble supporters will vote for all reforms while in power.;x
kuga_nobles;Kuga Nobles;x
kuga_nobles_uh;Kuga Noble supporters will vote for all reforms while in power.;x
logath_nobles;Logath Nobles;x
logath_nobles_uh;Logath Noble supporters will vote for all reforms while in power.;x
gramavuld_northmen_nobility;Gramavuld Northmen Nobility;x
house_of_bard;House of Bard;x
house_of_bard_uh;House of Bard supporters will vote for all reforms while in power.;x
barding_nobles;Lakemen Nobles;x
barding_nobles_uh;Lakemen Noble supporters will vote for all reforms while in power.;x
grammas_nobles;Grammas Nobles;x
grammas_nobles_uh;Grammas Noble supporters will vote for all reforms while in power.;x
rivermen_nobles;Rivermen Nobles;x
rivermen_nobles_uh;Rivermen Noble supporters will vote for all reforms while in power.;x
adhalling_nobles;Adhalling Nobles;x
adhalling_nobles_uh;Adhalling Noble supporters will vote for all reforms while in power.;x
northmen_nobility;Northmen Nobility;x
house_of_koldana;House of Koldana;x
house_of_koldana_uh;House of Koldana supporters will vote for all reforms while in power.;x
dorwinrim_nobles;Dorwinrim Nobles;x
dorwinrim_nobles_uh;Dorwinrim Noble supporters will vote for all reforms while in power.;x
aivathiuda_nobles;Aivathiuda Nobles;x
aivathiuda_nobles_uh;Aivathiuda Noble supporters will vote for all reforms while in power.;x
anthar_nobles;Anthar Nobles;x
anthar_nobles_uh;Anthar Noble supporters will vote for all reforms while in power.;x
gadraught_nobles;Gadraught Nobles;x
gadraught_nobles_uh;Gadraught Noble supporters will vote for all reforms while in power.;x
dwarves_nobility;Dwarves Nobility;x
line_of_durin;Line of Durin;x
line_of_durin_uh;Line of Durin supporters will vote for all reforms while in power.;x
longbeard_nobles;Longbeard Nobles;x
longbeard_nobles_uh;Longbeard Noble supporters will vote for all reforms while in power.;x
firebeard_nobles;Firebeard Nobles;x
firebeard_nobles_uh;Firebeard Noble supporters will vote for all reforms while in power.;x
broadbeam_nobles;Broadbeam Nobles;x
broadbeam_nobles_uh;Broadbeam Noble supporters will vote for all reforms while in power.;x
ironfist_nobles;Ironfist Nobles;x
ironfist_nobles_uh;Ironfist Noble supporters will vote for all reforms while in power.;x
wicked_dwarves_nobility;Wicked Dwarves Nobility;x
dourhand_nobles;Dourhand Nobles;x
dourhand_nobles_uh;Dourhand Noble supporters will vote for all reforms while in power.;x
shornbeard_nobles;Shornbeard Nobles;x
shornbeard_nobles_uh;Shornbeard Noble supporters will vote for all reforms while in power.;x
anduinrim_nobility;Anduinrim Nobility;x
woodsmen_nobles;Woodsmen Nobles;x
woodsmen_nobles_uh;Woodsmen Noble supporters will vote for all reforms while in power.;x
beorning_nobles;Beorning Nobles;x
beorning_nobles_uh;Beorning Noble supporters will vote for all reforms while in power.;x
house_of_beorn;House of Beorn;x
house_of_beorn_uh;House of Beorn supporters will vote for all reforms while in power.;x
beiabarnae_nobles;Beiabarnae Nobles;x
beiabarnae_nobles_uh;Beiabarnae Noble supporters will vote for all reforms while in power.;x
melburgi_nobles;Melburgi Nobles;x
melburgi_nobles_uh;Melburgi Noble supporters will vote for all reforms while in power.;x
herimundi_nobles;Herimundi Nobles;x
herimundi_nobles_uh;Herimundi Noble supporters will vote for all reforms while in power.;x
ents_nobility;Ents Nobility;x
lords_of_fangorn;Lords of Fangorn;x
lords_of_fangorn_uh;Lords of Fangorn supporters will vote for all reforms while in power.;x
ent_nobles;Ent Nobles;x
ent_nobles_uh;Ent Noble supporters will vote for all reforms while in power.;x
huorn_nobles;Huorn Nobles;x
huorn_nobles_uh;Huorn Noble supporters will vote for all reforms while in power.;x
black_huorn_nobles;Black Huorn N.;x
black_huorn_nobles_uh;Black Huorn Noble supporters will vote for all reforms while in power.;x
wildmen_nobility;Wildmen Nobility;x
druedain_nobles;Druedain Nobles;x
druedain_nobles_uh;Druedain Noble supporters will vote for all reforms while in power.;x
dunnish_nobles;Dunnish Nobles;x
dunnish_nobles_uh;Dunnish Noble supporters will vote for all reforms while in power.;x
hollin_folk_nobles;Hollin Folk N.;x
hollin_folk_nobles_uh;Hollin Folk Noble supporters will vote for all reforms while in power.;x
enedwaithrim_nobles;Enedwaithrim N.;x
enedwaithrim_nobles_uh;Enedwaithrim Noble supporters will vote for all reforms while in power.;x
saerlanner_nobles;Saerlanner Nobles;x
saerlanner_nobles_uh;Saerlanner Noble supporters will vote for all reforms while in power.;x
dunir_nobles;Dunir Nobles;x
dunir_nobles_uh;Dunir Noble supporters will vote for all reforms while in power.;x
marshmen_nobles;Marshmen Nobles;x
marshmen_nobles_uh;Marshmen Noble supporters will vote for all reforms while in power.;x
rohirrim_nobility;Rohirrim Nobility;x
house_of_eorl;House of Eorl;x
house_of_eorl_uh;House of Eorl supporters will vote for all reforms while in power.;x
rohirrim_nobles;Rohirrim Nobles;x
rohirrim_nobles_uh;Rohirrim Noble supporters will vote for all reforms while in power.;x
anduinmen_nobles;Anduinmen Nobles;x
anduinmen_nobles_uh;Anduinmen Noble supporters will vote for all reforms while in power.;x
isenmen_nobles;Isenmen Nobles;x
isenmen_nobles_uh;Isenmen Noble supporters will vote for all reforms while in power.;x
uruk_hai_nobility;Uruk Hai Nobility;x
uruk_hai_nobles;Uruk Hai Nobles;x
uruk_hai_nobles_uh;Uruk Hai Noble supporters will vote for all reforms while in power.;x
mordorian_nobility;Mordorian Nobility;x
mordor_orc_nobles;Mordor Orc N.;x
mordor_orc_nobles_uh;Mordor Orc Noble supporters will vote for all reforms while in power.;x
mordor_uruk_nobles;Mordor Uruk N.;x
mordor_uruk_nobles_uh;Mordor Uruk Noble supporters will vote for all reforms while in power.;x
guldurrim_nobles;Guldurrim Nobles;x
guldurrim_nobles_uh;Guldurrim Noble supporters will vote for all reforms while in power.;x
white_mountain_goblin_nobles;White Mountain Goblin N.;x
white_mountain_goblin_nobles_uh;White Mountain Goblin Noble supporters will vote for all reforms while in power.;x
northern_goblins_nobility;Northern Goblins Nobility;x
morian_nobles;Morian Nobles;x
morian_nobles_uh;Morian Noble supporters will vote for all reforms while in power.;x
goblin_towner_nobles;Goblin Towner N.;x
goblin_towner_nobles_uh;Goblin Towner Noble supporters will vote for all reforms while in power.;x
gundabad_orc_nobles;Gundabad Orc N.;x
gundabad_orc_nobles_uh;Gundabad Orc Noble supporters will vote for all reforms while in power.;x
snow_orc_nobles;Snow Orc Nobles;x
snow_orc_nobles_uh;Snow Orc Noble supporters will vote for all reforms while in power.;x
gram_goblin_nobles;Gram Goblin N.;x
gram_goblin_nobles_uh;Gram Goblin Noble supporters will vote for all reforms while in power.;x
blue_mountain_goblin_nobles;Blue Mountain Goblin N.;x
blue_mountain_goblin_nobles_uh;Blue Mountain Goblin Noble supporters will vote for all reforms while in power.;x
angmarrim_nobility;Angmarrim Nobility;x
angmarrim_nobles;Angmarrim Nobles;x
angmarrim_nobles_uh;Angmarrim Noble supporters will vote for all reforms while in power.;x
hillmen_nobles;Hillmen Nobles;x
hillmen_nobles_uh;Hillmen Noble supporters will vote for all reforms while in power.;x
lossoth_nobility;Lossoth Nobility;x
lossoth_nobles;Lossoth Nobles;x
lossoth_nobles_uh;Lossoth Noble supporters will vote for all reforms while in power.;x
breelander_nobility;Breelander Nobility;x
breelander_nobles;Breelander Nobles;x
breelander_nobles_uh;Breelander Noble supporters will vote for all reforms while in power.;x
siredain_nobles;Siredain Nobles;x
siredain_nobles_uh;Siredain Noble supporters will vote for all reforms while in power.;x
hobbits_nobility;Hobbits Nobility;x
stoor_nobles;Stoor Nobles;x
stoor_nobles_uh;Stoor Noble supporters will vote for all reforms while in power.;x
harfoot_nobles;Harfoot Nobles;x
harfoot_nobles_uh;Harfoot Noble supporters will vote for all reforms while in power.;x
fallohide_nobles;Fallohide Nobles;x
fallohide_nobles_uh;Fallohide Noble supporters will vote for all reforms while in power.;x
trolls_nobility;Troll Nobility;x
cave_trolls_nobles;Cave Troll Nobles;x
cave_trolls_nobles_uh;Cave Troll Noble supporters will vote for all reforms while in power.;x
hill_trolls_nobles;Hill Troll Nobles;x
hill_trolls_nobles_uh;Hill Troll Noble supporters will vote for all reforms while in power.;x
mountain_trolls_nobles;Mountain Troll N.;x
mountain_trolls_nobles_uh;Mountain Troll Noble supporters will vote for all reforms while in power.;x
snow_trolls_nobles;Snow Troll Nobles;x
snow_trolls_nobles_uh;Snow Troll Noble supporters will vote for all reforms while in power.;x
stone_trolls_nobles;Stone Troll Nobles;x
stone_trolls_nobles_uh;Stone Troll Noble supporters will vote for all reforms while in power.;x
olog_hai_nobles;Olog Hai Nobles;x
olog_hai_nobles_uh;Olog Hai Noble supporters will vote for all reforms while in power.;x
eagles_nobility;Eagles Nobility;x
flightlords_of_the_mountains;Flightlords of the Mountains;x
flightlords_of_the_mountains_uh;Flightlords of the Mountains supporters will vote for all reforms while in power.;x
great_eagle_nobles;Great Eagle Nobles;x
great_eagle_nobles_uh;Great Eagle Noble supporters will vote for all reforms while in power.;x
lords_of_ravens;Lords of Ravens;x
lords_of_ravens_uh;Lords of Ravens supporters will vote for all reforms while in power.;x
raven_nobles;Raven Nobles;x
raven_nobles_uh;Raven Noble supporters will vote for all reforms while in power.;x
spiders_nobility;Spiders Nobility;x
great_brood_mothers;Great Brood Mothers;x
great_brood_mothers_uh;Great Brood Mothers supporters will vote for all reforms while in power.;x
great_spider_nobles;Great Spider N.;x
great_spider_nobles_uh;Great Spider Noble supporters will vote for all reforms while in power.;x
undead_nobility;Undead Nobility;x
wight_nobles;Wight Nobles;x
wight_nobles_uh;Wight Noble supporters will vote for all reforms while in power.;x
kings_of_the_dead;Kings of the Dead;x
kings_of_the_dead_uh;Kinds of the Dead supporters will vote for all reforms while in power.;x
oathbreaker_nobles;Oathbreaker N.;x
oathbreaker_nobles_uh;Oathbreaker Noble supporters will vote for all reforms while in power.;x
immortal_beings;Immortal Beings;x
lords_of_isengard;Lords of Isengard;x
lords_of_isengard_uh;Lords of Isengard supporters will vote for all reforms while in power.;x
lords_of_rhosgobel;Lords of Rhosgobel;x
lords_of_rhosgobel_uh;Lords of Rhosgobel supporters will vote for all reforms while in power.;x
lords_of_mordor;Lords of Mordor;x
lords_of_mordor_uh;Lords of Mordor supporters will vote for all reforms while in power.;x
saurons_nine;Sauron's Nine;x
saurons_nine_uh;Sauron's Nine supporters will vote for all reforms while in power.;x
#####################################;x }
##### COUNCIL OF THE REALM TEXT #####;x {
#####################################;x
POLITICS_SUPPORT_REFORM;$IDEOLOGY$: $POSITIVE$% votes yes, $NEGATIVE$% votes no.($PERCENT$% of Council of the Realm)\n;x
POLITICS_UPPERHOUSE_CHART_TOOLTIP;$PERCENT$% of the Council of the Realm are $IDEOLOGY$\n;x
POLITICS_IN_FAVOR_TOOLTIP;($PERCENT$% of of Council of the Realm in favor of reforms);x
POLITICS_UPPERHOUSE;Council of the Realm;x
UPPERHOUSE_SETUP;When our Council of the Realm have assembled.;x
UPPERHOUSE_1;Council of the Realm changed;x
UPPERHOUSE_2;$MONARCHTITLE$, our Council of the Realm has been assembled.;x
UPPERHOUSE_LOG;Council of the Realm changed.;x
POLITICS_TOTAL_SUPPORT_REFORM;$PERCENT$% of Council of the Realm vote yes\n;x
UPPER_HOUSE_EFFECT;$DIRECTION$ up to $VALUE$ $NAME$ in the Council of the Realm.\n;x
NOT_UPPER_HOUSE_TR;There is less than $VAL$ percent $NAME$ in the Council of the Realm.\n;x
UPPER_HOUSE_TR;There is at least $VAL$ percent $NAME$ in the Council of the Realm.\n;x
MODIFIER_UNCIV_ECONOMIC_UH;Council of the Realm support;x
MODIFIER_UNCIV_MILITARY_UH;Council of the Realm support;x
###############################;x }
##### CENTRALIZATION TEXT #####;x {
###############################;x
DIPLOMACY_CIVILIZEDNATION_STATUS;Centralized Realm;x
DIPLOMACY_UNCIVILIZEDNATION_STATUS;Uncentralized Realm;x
DIPLOMACY_UNCIVILIZEDNATION_APPEND;(Uncentralized);x
AIREASON_CIV_VS_UNCIV;Centralized vs Uncentralized;x
MAPMODE_19;Centralization Level;x
LOSE_CIVILIZED_EFFECT;We shall be known as an §YUncentralized Realm§!\n;x
TECHNOLOGYVIEW_NO_RESEARCH_UNCIV_TOOLTIP;High level technology is only available to centralized nations. By centralizing in the §Ypolitics tab§! you can aquire base technology and start researching on your own instead.;x
BUILD_CIVILIZED;Centralized;x
TECH_MONTHLY_RESEARCHPOINTS_UNCIVILIZED;"Uncentralized: ";x
CIVILIZED_EFFECT;Become a §YCentralized Realm§!\n;x
RANK_TOTAL_D;The four realms with the highest rank are §YGreat Powers§! who have the ability to influence and control lesser nations. The next twelve are §YSecondary Powers§! who have the ability to settle unclaimed land, and will challenge the great powers at times. The final two ranks are §Ycentralized§! and §Yuncentralized§! nations, who are rated depending if they are centralized or not.;x
IS_CIVILIZED;is centralized.;x
IS_NOT_CIVILIZED;is NOT centralized.;x
POLITICS_CIVILIZE;Centralize;x
CIVILIZE_DESC;Become recognized as a centralized realm. This will give us access to the technological advances of our sphere leader;x
CIVILIZE_NO_MASTER_DESC;Become recognized as a centralized realm. This will gives us access to the technological advances from around Middle-Earth.;x
MODIFIER_CIVILIZATION_PROGRESS;Centralization Progress;x
SPHERE_SHARE_CIV;Centralized country, will make §Y$PERCENTAGE$%§! of all resources available on leaders market (Base: §Y$BASE_PERCENTAGE$%§!);x
SPHERE_SHARE_UNCIV;Uncentralized country, will make §Y$PERCENTAGE$%§! of all resources available on leaders market;x
SPHERE_SHARE_2NDRANK;Second rank country, will make §Y$PERCENTAGE$%§! of all resources available on leaders market (Base: §Y$BASE_PERCENTAGE$%§!);x
DIPLOMACY_ALMOST_WESTERN_NATION_STATUS;Partially Centralized Nation;x
DIPLOMACY_PRIMITIVENATION_STATUS;Uncentralized Nation;x
UNCIV_CANT_RESEARCH;Centralize to be able to research;x
NO_CIV_PROGRESS;We have made no progress towards centralization. We need to enact military or economic reforms to centralize.;x
REMOVEFROMSPHERE_COST_NO_INFAMY;This will cost §R$PRESTIGE$§! prestige;x
REMOVEFROMSPHERE_COST;This will cost §R$PRESTIGE$§! prestige and give you §R$INFAMY$§! infamy;x
REMOVEFROMSPHERE_DESC;Removes country from a §YGreat Power§W's Sphere of Influence.;x
CANCELGIVEMILITARYACCESS_THEY_ACCEPT_HEADER;The Foreign Minister reports;x
CANCELGIVEMILITARYACCESS_THEY_ACCEPT_1;§Y$ACTOR$§W;§Y$ACTOR$§W,;x
CANCELGIVEMILITARYACCESS_THEY_ACCEPT_2;$MONARCHTITLE$, we have grown tired of the foul presence of the troops of ;x
CANCELGIVEMILITARYACCESS_THEY_ACCEPT_3;§Y$RECIPIENT$§W;x
CANCELGIVEMILITARYACCESS_THEY_ACCEPT_4;on our soil so we have canceled the Military Access they were so generously given;x
CANCELGIVEMILITARYACCESS_THEY_ACCEPT_5;*;*;*;*;*;*;*;;;;;;;x
CANCELGIVEMILITARYACCESS_THEY_ACCEPT_6;The people of §Y$ACTOR$§W rejoice at the news.;x
CANCELGIVEMILITARYACCESS_THEY_ACCEPT_BTN1;OK;x
CANCELGIVEMILITARYACCESS_THEY_ACCEPT_BTN2;OK;x
CANCELGIVEMILITARYACCESS_THEY_ACCEPT_BTN3;Go to;x
CANCELGIVEMILITARYACCESS_WE_ACCEPT_HEADER;The Foreign Minister reports;x
CANCELGIVEMILITARYACCESS_WE_ACCEPT_1;§Y$ACTOR$§W;x
CANCELGIVEMILITARYACCESS_WE_ACCEPT_2;$MONARCHTITLE$ we are outraged to discover that ;x
CANCELGIVEMILITARYACCESS_WE_ACCEPT_3;§Y$ACTOR$§W;x
CANCELGIVEMILITARYACCESS_WE_ACCEPT_4;has canceled the Military Access they have generously been given by us.;x
CANCELGIVEMILITARYACCESS_WE_ACCEPT_5;*;x
CANCELGIVEMILITARYACCESS_WE_ACCEPT_6;Although we should really have beaten them to it.;x
CANCELGIVEMILITARYACCESS_WE_ACCEPT_BTN1;OK;x
CANCELGIVEMILITARYACCESS_WE_ACCEPT_BTN2;OK;x
CANCELGIVEMILITARYACCESS_WE_ACCEPT_BTN3;Go to;x
CANCELGIVEMILITARYACCESS_OTHER_ACCEPT_HEADER;The Foreign Minister reports;x
CANCELGIVEMILITARYACCESS_OTHER_ACCEPT_1;§Y$ACTOR$§W;x
CANCELGIVEMILITARYACCESS_OTHER_ACCEPT_2;$MONARCHTITLE$;x
CANCELGIVEMILITARYACCESS_OTHER_ACCEPT_3;§Y$ACTOR$§W;x
CANCELGIVEMILITARYACCESS_OTHER_ACCEPT_4;has canceled the Military Access they have been given by;x
CANCELGIVEMILITARYACCESS_OTHER_ACCEPT_5;§Y$RECIPIENT$§W;x
CANCELGIVEMILITARYACCESS_OTHER_ACCEPT_6;Looks like trouble is brewing. We could profit from this.;x
CANCELGIVEMILITARYACCESS_OTHER_ACCEPT_BTN1;x
CANCELGIVEMILITARYACCESS_OTHER_ACCEPT_BTN2;x
CANCELGIVEMILITARYACCESS_OTHER_ACCEPT_BTN3;x
DECREASERELATIONTITLE;Decrease Relations;x
WARGOALTITLE;Add War Goal;x
WARSUBSIDIESTITLE;Offer War Subsidies;x
CANCEL_WARSUBSIDIESTITLE;Cancel War Subsidies;x
ASKMILITARYACCESSTITLE;Request Military Access;x
CANCELASKMILITARYACCESSTITLE;Cancel Military Access;x
GIVEMILITARYACCESSTITLE;Offer Military Access;x
CANCELGIVEMILITARYACCESSTITLE;Cancel granted Military Access;x
CANCELALLIANCETITLE;Cancel Alliance;x
CALLALLYTITLE;Call ally to War;x
DISCREDITTITLE;Discredit Great Power;x
EXPELADVISORSTITLE;Expel Great Power's advisers;x
BANEMBASSYTITLE;Ban Great Power's embassy;x
INCREASEOPINIONTITLE;Increase Opinion;x
DECREASEOPINIONTITLE;Decrease Opinion of Great Power;x
ADDTOSPHERETITLE;Add to Sphere of Influence;x
REMOVEFROMSPHERETITLE;Remove from Sphere of Influence;x
INCREASERELATION_BUTTON;Increase Relations;x
DECREASERELATION_BUTTON;Decrease Relations;x
DECISIONOTHER_1;$ACTOR$;x
DIPLOMACY_AGAINST;against;x
POLITICS_SHOW_VASSALS;Show Release Nations;x
POLITICS_SHOW_REFORMS;Show Reforms;x
POLITICS_RELEASE_VASSAL;Release Nation;x
POLITICS_RELEASE_VASSAL_DESC;§Y$TAG$§b will receive the following §Y$NUM$§b province(s): §Y$PROVINCES$§b;x
POLITICS_RELEASE_VASSAL_DESC_LIMIT;§b and others.;x
POLITICS_SATELLITE;Vassal;x
POLITICS_DOMINION;Dominion;x
POLITICS_RELEASE_VASSAL_TOOLTIP;Release §Y$TAG$§W as a §Y$TYPE$§W. §Y$TAG$§W will receive the following §Y$NUM$§W province(s): §Y$PROVINCES$§W;x
HOLD_ELECTION;Hold Election;x
DIPLOMACY_AI_ACCEPTANCE;§Y$COUNTRY$§W's response: §Y$ODDS$§W;x
NO_SEPARATE_PEACE_CRISIS;We cannot negotiate separate peace in a crisis war;x
CRISIS_RESOLUTION_EFFECTS;Resolving the crisis in this way will give you $VAL$ prestige.;x
CRISIS_RESOLUTION_RELATIONS;Relations with the following realms will change:;x
CRISIS_DAYS_UNTIL_WAR;War will break out in §Y$DAYS$§! days if a diplomatic solution is not found.;x
CRISIS_MAKE_OFFER_INVALID;You must offer them something!;x
CRISIS_MAKE_OFFER_NOT_LEADER;You must be a leader in the crisis to make offers.;x
CRISIS_MAKE_OFFER;Make an offer to §Y$COUNTRY$§! to entice them to back your side.;x
CRISIS_AI_WANTS_TO_BACK_1;has not decided who to support.;x
CRISIS_AI_WANTS_TO_BACK_2;is leaning towards supporting;x
CRISIS_AI_WANTS_TO_BACK_3;is strongly inclined to support;x
CRISIS_AI_INTEREST;Their interest in supporting;x
AIREASON_STRATEGIC_INTERESTS;Strategic Interests;x
AIREASON_BACKED_BY_ALLY;Backed by Ally;x
AIREASON_ALLY;Ally;x
AIREASON_TOO_EARLY_IN_CRISIS;Early in Crisis;x
AIREASON_CRISIS_OFFER;$WARGOAL$:;x
AIREASON_ATTACKING_ALLY;Attacking Ally;x
AIREASON_ATTACKING_FRIENDS;Attacking Friends;x
AIREASON_ATTACKING_ENEMIES;Attacking Enemies;x
AIREASON_COMMON_FOE;Common Foe;x
AIREASON_WAR_WITH_SPHERE_LEADER;War with Sphere Leader;x
AIREASON_CONSTRUCTING_CB;Strategic Interests;x
AIREASON_HELD_CORES;Owns Core Provinces;x
AIREASON_NEGATIVE_RELATIONS;Negative Relations;x
AIREASON_THREATS;Threats;x
AIREASON_TOO_MANY_GP_ALLIES;Too many Great Power allies;x
AIREASON_DESIRES_GP_ALLY;Wants a Great Power ally;x
AIREASON_ALLY_OF_ALLY;Ally of Ally;x
AIREASON_TOO_MANY_ALLIANCES;Too Many Alliances;x
AIREASON_RELATIVE_ARMY_STRENGTH;Army Strength;x
AIREASON_RELATIVE_NAVY_STRENGTH;Navy Strength;x
AIREASON_CURRENT_WARS;Current Wars;x
AIREASON_OUR_CASUS_BELLI;Our Casus Belli;x
AIREASON_YOUR_CASUS_BELLI;Your Casus Belli;x
AIREASON_DIPLOMATIC_GOALS;Political Considerations;x
AIREASON_DISTANCE;Distance;x
AIREASON_DIFFERENT_GOVTYPES;Government Type;x
AIREASON_OUR_SPHERE;Our Sphere;x
AIREASON_OTHER_SPHERE_LEADER;Other Sphere Leader;x
AIREASON_OTHER_SPHERE;Other Sphere;x
AIREASON_OVERLORD;Overlord;x
AIREASON_BADBOY;Infamy;x
AIREASON_RELATIONS;Relations;x
AIREASON_GP_RELATIONS;Opinion;x
AIREASON_BASE_RELUCTANCE;Base Reluctance;x
AI_DIPLOMATIC_VALUE;Diplomatic Value;x
AI_DIPLO_NO;They will not accept;x
AI_DIPLO_YES;They will accept;x
